<?xml version="1.0" encoding="UTF-8"?>
<!DOCTYPE hibernate-mapping PUBLIC
        "-//Hibernate/Hibernate Mapping DTD//EN"
        "http://www.hibernate.org/dtd/hibernate-mapping-3.0.dtd">
<hibernate-mapping package="com.example">
    <class name="Product" table="product">
        <id name="id" column="id">
            <generator class="native"/>
        </id>
        
        <property name="name" column="name" type="string"/>
        <property name="description" column="description" type="string"/>
        <property name="price" column="price" type="double"/>
    </class>
</hibernate-mapping>
